insert into [main].[Comment] values('1', '2014-05-03 17:17:45.000', '好期待好期待！！', '2', '2010114062');
insert into [main].[Comment] values('2', '2014-04-29 13:30:00.000', '传统媒体危在旦夕啊。期待华丽转型。', '2', '2010114056');
insert into [main].[Comment] values('3', '2014-05-13 14:30:00.000', '今天的讲座很精彩。', '1', '2010114057');
insert into [main].[Comment] values('4', '2014-06-01 19:00:00.000', '好想看舞鞋的表演。', '4', '2010114062');
insert into [main].[Comment] values('5', '2014-05-05 19:00:00.000', '宣讲会走起。', '7', '2010114056');
insert into [main].[Lecture](Lno,Lname,Time,Lector,Keyword,Picture,Place,Organizer,Type,SeatNumber,PUno) values('1','“金融开放与金融安全”媒体互动会','2014-04-29 13:30:00','新媒体人','金融安全','url/pic/L_S1_Finance.png','武东路100号同德楼204会议室','金融学院','1','0','P001');
insert into [main].[Lecture](Lno,Lname,Time,Lector,Keyword,Picture,Place,Organizer,Type,SeatNumber,PUno) values('2','新媒体环境下中国报业集团战略转型','2014-05-13 14:30:00','高韵斐（上海报业集团总经理，高级编辑）','报业转型','url/pic/L_S2_Media.png','人文学院同新楼201会议室 ','人文学院','1','0','P001');
insert into [main].[Lecture](Lno,Lname,Time,Lector,Keyword,Picture,Place,Organizer,Type,SeatNumber,PUno) values('3','“媒介更迭 新闻不朽”主题报告','2014-06-01 19:00:00','马申 ( 文汇报原副总编辑 )','科学?人文大讲堂','url/pic/L_S3_News.png','白楼一楼报告厅','信息学院','1','0','P001');
insert into [main].[Lecture](Lno,Lname,Time,Lector,Keyword,Picture,Place,Organizer,Type,SeatNumber,PUno) values('4','舞蹈协会&魔术协会专场表演','2014-05-05 19:00:00','王丹、尹唐婷','舞蹈魔术','url/pic/L_A1_Dance.png','大礼堂','舞蹈协会、魔术协会','2','3','P002');
insert into [main].[Lecture](Lno,Lname,Time,Lector,Keyword,Picture,Place,Organizer,Type,SeatNumber,PUno) values('5','羽毛球协会集体赛','2014-05-13 10:00:00','小张','羽毛球','url/pic/L_A2_Badminton.png','国定大操场','羽毛球协会','2','2','P002');
insert into [main].[Lecture](Lno,Lname,Time,Lector,Keyword,Picture,Place,Organizer,Type,SeatNumber,PUno) values('6','立白集团宣讲会','2014-05-13 19:00:00','立白集团人事经理','快销','url/pic/L_J1_LB.png','武东校区学生中心三楼招聘大厅 ','立白集团','3','3','P003');
insert into [main].[Lecture](Lno,Lname,Time,Lector,Keyword,Picture,Place,Organizer,Type,SeatNumber,PUno) values('7','欧莱雅暑期实习生招聘宣讲会 ','2014-04-29 19:00:00','欧莱雅人事总监','快销','url/pic/L_J2_Loreal.png','武东校区学生中心三楼招聘大厅 ','欧莱雅','3','3','P003');
insert into [main].[Lecture](Lno,Lname,Time,Lector,Keyword,Picture,Place,Organizer,Type,SeatNumber,PUno) values('8','通用电气2014实习宣讲 ','2014-05-23 14:00:00','GE校友、GE人事总经理','五百强','url/pic/L_J2_GE.png','武东校区学生中心三楼招聘大厅','通用电气','3','2','P003');
insert into [main].[Major] values('M0001', '信息管理与信息系统', 'SC001');
insert into [main].[Major] values('M0002', '电子商务', 'SC001');
insert into [main].[Major] values('M0003', '计算机科学与技术', 'SC001');
insert into [main].[Major] values('M0004', '会计学', 'SC002');
insert into [main].[Major] values('M0005', '国际会计(美国)', 'SC002');
insert into [main].[Major] values('M0006', '国际会计(ACCA)', 'SC002');
insert into [main].[Major] values('M0007', '国际会计(CGA)', 'SC002');
insert into [main].[Major] values('M0008', '注册会计', 'SC002');
insert into [main].[Major] values('M0009', '财务管理', 'SC002');
insert into [main].[Major] values('M0010', '金融学', 'SC003');
insert into [main].[Major] values('M0011', '金融工程', 'SC003');
insert into [main].[Major] values('M0012', '保险学', 'SC003');
insert into [main].[Major] values('M0013', '信用管理', 'SC003');
insert into [main].[Major] values('M0014', '工商管理', 'SC004');
insert into [main].[Major] values('M0015', '市场营销', 'SC004');
insert into [main].[Major] values('M0016', '物流管理', 'SC004');
insert into [main].[Major] values('M0017', '人力资源管理', 'SC004');
insert into [main].[Major] values('M0018', '旅游管理', 'SC004');
insert into [main].[Major] values('M0019', '国际经济与贸易', 'SC004');
insert into [main].[Major] values('M0020', '国际商务', 'SC004');
insert into [main].[Major] values('M0021', '数量经济', 'SC005');
insert into [main].[Major] values('M0022', '世界经济', 'SC005');
insert into [main].[Major] values('M0023', '世界经济学', 'SC005');
insert into [main].[Major] values('M0024', '数理经济学', 'SC005');
insert into [main].[Major] values('M0025', '经济学', 'SC005');
insert into [main].[Major] values('M0026', '法学', 'SC006');
insert into [main].[Major] values('M0027', '税务', 'SC007');
insert into [main].[Major] values('M0028', '财政学', 'SC007');
insert into [main].[Major] values('M0029', '公共事业管理', 'SC007');
insert into [main].[Major] values('M0030', '行政管理', 'SC007');
insert into [main].[Major] values('M0031', '土地资源管理', 'SC007');
insert into [main].[Major] values('M0032', '劳动与社会保障', 'SC007');
insert into [main].[Major] values('M0033', '房地产经营管理', 'SC007');
insert into [main].[Major] values('M0034', '项目管理', 'SC007');
insert into [main].[Major] values('M0035', '工程管理', 'SC007');
insert into [main].[Major] values('M0036', '投资学', 'SC007');
insert into [main].[Major] values('M0037', '新闻学', 'SC008');
insert into [main].[Major] values('M0038', '社会学', 'SC008');
insert into [main].[Major] values('M0039', '对外汉语', 'SC008');
insert into [main].[Major] values('M0040', '英语', 'SC009');
insert into [main].[Major] values('M0041', '商务英语', 'SC009');
insert into [main].[Major] values('M0042', '日语', 'SC009');
insert into [main].[Major] values('M0043', '应用统计学', 'SC010');
insert into [main].[Major] values('M0044', '金融保险统计', 'SC010');
insert into [main].[Major] values('M0045', '信息与计算机科学', 'SC011');
insert into [main].[Major] values('M0046', '数学与应用数学', 'SC011');
insert into [main].[Publisher] values('P0001', '科研处', '沈老师', '1234', '152019999122', '111111@qq.com');
insert into [main].[Publisher] values('P0002', '团委', '张老师', '1234', '152019999123', '111112@qq.com');
insert into [main].[Publisher] values('P0003', '就业指导中心', '王老师', '1234', '152019999124', '111113@qq.com');
insert into [main].[School] values('SC001', '信息管理与工程学院');
insert into [main].[School] values('SC002', '会计学院');
insert into [main].[School] values('SC003', '金融学院');
insert into [main].[School] values('SC004', '国际工商管理学院');
insert into [main].[School] values('SC005', '经济学院');
insert into [main].[School] values('SC006', '法学院');
insert into [main].[School] values('SC007', '公共经济与管理学院');
insert into [main].[School] values('SC008', '人文学院');
insert into [main].[School] values('SC009', '外语系');
insert into [main].[School] values('SC010', '统计与管理学院');
insert into [main].[School] values('SC011', '应用数学系');
insert into [main].[Student] values('2010114062', '朱宁娟', '123', '15201999122', '446572759@qq.com', 'M0001','SC001');
insert into [main].[Student] values('2010114056', '卓灵鑫', '123', '14782986650', '1724490102@qq.com', 'M0001','SC001');
insert into [main].[Student] values('2010114057', '陈丽宇', '123', '15026661681', 'mary_chen1123@126.com', 'M0001','SC001');
insert into [main].[Participate] values('1','0','4','2010114062','');
insert into [main].[Placeholder] values('1','1','2','2010114062','');
